{
    "train_loss": [
        2.2010377060805064,
        2.0869526365695292,
        2.02815982666513,
        1.9638705010878048,
        1.918171595905346,
        1.8649290631503734,
        1.8332918851282316,
        1.7967748453050343,
        1.7452836183750762,
        1.7122858034572008,
        1.6618421023922674,
        1.6307123915003678,
        1.5774099917684419,
        1.5349263133352236,
        1.5147817596389632
    ],
    "train_acc": [
        0.1815446339017051,
        0.2454864593781344,
        0.2522567703109328,
        0.28510531594784355,
        0.31068204613841527,
        0.3259779338014042,
        0.3462888665997994,
        0.3595787362086259,
        0.37261785356068206,
        0.3826479438314945,
        0.4084754262788365,
        0.4315446339017051,
        0.4425777331995988,
        0.4593781344032096,
        0.4616349047141424
    ],
    "val_loss": [
        2.2442228307627667,
        2.1572689571765937,
        1.982722811506252,
        2.0125457301284326,
        1.8680886215633816,
        1.8906664294425888,
        1.978621034429531,
        1.9859892247903226,
        2.034947867826982,
        1.7814633906489672,
        1.7102866900087608,
        1.647462428940667,
        1.5888743569152524,
        1.565511281321747,
        1.5478623274600867
    ],
    "val_acc": [
        0.1797979797979798,
        0.22626262626262628,
        0.2898989898989899,
        0.2797979797979798,
        0.3111111111111111,
        0.33535353535353535,
        0.30707070707070705,
        0.29494949494949496,
        0.3111111111111111,
        0.3606060606060606,
        0.38282828282828285,
        0.4171717171717172,
        0.43737373737373736,
        0.45252525252525255,
        0.4484848484848485
    ],
    "epoch_time": [
        50.31031155586243,
        45.357643604278564,
        45.08263444900513,
        45.25781559944153,
        45.06361722946167,
        45.865694761276245,
        46.043883085250854,
        44.7539427280426,
        44.896618604660034,
        45.25692081451416,
        44.98210430145264,
        45.15781116485596,
        45.52345895767212,
        45.01497268676758,
        45.449039459228516
    ],
    "classes": [
        "Cezanne",
        "Degas",
        "Gauguin",
        "Hassam",
        "Matisse",
        "Monet",
        "Pissarro",
        "Renoir",
        "Sargent",
        "VanGogh"
    ],
    "confusion_matrix": [
        [
            41,
            9,
            13,
            2,
            8,
            0,
            5,
            4,
            13,
            4
        ],
        [
            6,
            14,
            11,
            0,
            6,
            3,
            5,
            28,
            25,
            1
        ],
        [
            4,
            5,
            33,
            0,
            9,
            0,
            16,
            26,
            2,
            4
        ],
        [
            2,
            2,
            2,
            30,
            2,
            23,
            15,
            4,
            5,
            14
        ],
        [
            10,
            4,
            4,
            1,
            65,
            5,
            0,
            5,
            5,
            0
        ],
        [
            1,
            1,
            3,
            11,
            4,
            49,
            11,
            4,
            1,
            14
        ],
        [
            0,
            3,
            9,
            10,
            0,
            8,
            56,
            5,
            5,
            3
        ],
        [
            4,
            5,
            7,
            0,
            2,
            6,
            6,
            67,
            2,
            0
        ],
        [
            8,
            8,
            2,
            1,
            10,
            3,
            5,
            6,
            47,
            9
        ],
        [
            7,
            2,
            6,
            7,
            5,
            4,
            14,
            0,
            8,
            46
        ]
    ],
    "class_accuracy": {
        "Cezanne": 0.41414141414141414,
        "Degas": 0.1414141414141414,
        "Gauguin": 0.3333333333333333,
        "Hassam": 0.30303030303030304,
        "Matisse": 0.6565656565656566,
        "Monet": 0.494949494949495,
        "Pissarro": 0.5656565656565656,
        "Renoir": 0.6767676767676768,
        "Sargent": 0.47474747474747475,
        "VanGogh": 0.46464646464646464
    },
    "best_val_accuracy": 0.45252525252525255
}